﻿{"data":[{"Properties":{"domain":"XIAORANG.LAB","name":"ADMINSDHOLDER@XIAORANG.LAB","distinguishedname":"CN=ADMINSDHOLDER,CN=SYSTEM,DC=XIAORANG,DC=LAB","domainsid":"S-1-5-21-2704639352-1689326099-2164665914","highvalue":false},"ChildObjects":[],"Aces":[{"PrincipalSID":"S-1-5-21-2704639352-1689326099-2164665914-512","PrincipalType":"Group","RightName":"Owns","IsInherited":false},{"PrincipalSID":"XIAORANG.LAB-S-1-5-32-544","PrincipalType":"Group","RightName":"WriteDacl","IsInherited":false},{"PrincipalSID":"XIAORANG.LAB-S-1-5-32-544","PrincipalType":"Group","RightName":"WriteOwner","IsInherited":false},{"PrincipalSID":"S-1-5-21-2704639352-1689326099-2164665914-512","PrincipalType":"Group","RightName":"WriteDacl","IsInherited":false},{"PrincipalSID":"S-1-5-21-2704639352-1689326099-2164665914-512","PrincipalType":"Group","RightName":"WriteOwner","IsInherited":false},{"PrincipalSID":"S-1-5-21-2704639352-1689326099-2164665914-519","PrincipalType":"Group","RightName":"WriteDacl","IsInherited":false},{"PrincipalSID":"S-1-5-21-2704639352-1689326099-2164665914-519","PrincipalType":"Group","RightName":"WriteOwner","IsInherited":false}],"ObjectIdentifier":"360769FE-FCA1-4472-87FA-FA2D3A018DFE","IsDeleted":false,"IsACLProtected":true},{"Properties":{"domain":"XIAORANG.LAB","name":"POLICYTYPE@XIAORANG.LAB","distinguishedname":"CN=POLICYTYPE,CN=WMIPOLICY,CN=SYSTEM,DC=XIAORANG,DC=LAB","domainsid":"S-1-5-21-2704639352-1689326099-2164665914","highvalue":false},"ChildObjects":[],"Aces":[{"PrincipalSID":"S-1-5-21-2704639352-1689326099-2164665914-512","PrincipalType":"Group","RightName":"Owns","IsInherited":false},{"PrincipalSID":"S-1-5-21-2704639352-1689326099-2164665914-512","PrincipalType":"Group","RightName":"WriteDacl","IsInherited":false},{"PrincipalSID":"S-1-5-21-2704639352-1689326099-2164665914-512","PrincipalType":"Group","RightName":"WriteOwner","IsInherited":false},{"PrincipalSID":"S-1-5-21-2704639352-1689326099-2164665914-519","PrincipalType":"Group","RightName":"GenericAll","IsInherited":true},{"PrincipalSID":"S-1-5-21-2704639352-1689326099-2164665914-512","PrincipalType":"Group","RightName":"GenericAll","IsInherited":true}],"ObjectIdentifier":"B37F6575-11C9-4192-9AA0-09742B543020","IsDeleted":false,"IsACLProtected":false},{"Properties":{"domain":"XIAORANG.LAB","name":"WMIGPO@XIAORANG.LAB","distinguishedname":"CN=WMIGPO,CN=WMIPOLICY,CN=SYSTEM,DC=XIAORANG,DC=LAB","domainsid":"S-1-5-21-2704639352-1689326099-2164665914","highvalue":false},"ChildObjects":[],"Aces":[{"PrincipalSID":"S-1-5-21-2704639352-1689326099-2164665914-512","PrincipalType":"Group","RightName":"Owns","IsInherited":false},{"PrincipalSID":"S-1-5-21-2704639352-1689326099-2164665914-512","PrincipalType":"Group","RightName":"WriteDacl","IsInherited":false},{"PrincipalSID":"S-1-5-21-2704639352-1689326099-2164665914-512","PrincipalType":"Group","RightName":"WriteOwner","IsInherited":false},{"PrincipalSID":"S-1-5-21-2704639352-1689326099-2164665914-519","PrincipalType":"Group","RightName":"GenericAll","IsInherited":true},{"PrincipalSID":"S-1-5-21-2704639352-1689326099-2164665914-512","PrincipalType":"Group","RightName":"GenericAll","IsInherited":true}],"ObjectIdentifier":"4D600A4C-0A63-4637-BEBF-279B70CAA9B9","IsDeleted":false,"IsACLProtected":false},{"Properties":{"domain":"XIAORANG.LAB","name":"WMIPOLICY@XIAORANG.LAB","distinguishedname":"CN=WMIPOLICY,CN=SYSTEM,DC=XIAORANG,DC=LAB","domainsid":"S-1-5-21-2704639352-1689326099-2164665914","highvalue":false},"ChildObjects":[],"Aces":[{"PrincipalSID":"S-1-5-21-2704639352-1689326099-2164665914-512","PrincipalType":"Group","RightName":"Owns","IsInherited":false},{"PrincipalSID":"S-1-5-21-2704639352-1689326099-2164665914-512","PrincipalType":"Group","RightName":"GenericAll","IsInherited":false},{"PrincipalSID":"S-1-5-21-2704639352-1689326099-2164665914-519","PrincipalType":"Group","RightName":"GenericAll","IsInherited":false}],"ObjectIdentifier":"71719962-ECBB-416A-A5AF-2201EA99654A","IsDeleted":false,"IsACLProtected":true},{"Properties":{"domain":"XIAORANG.LAB","name":"SOM@XIAORANG.LAB","distinguishedname":"CN=SOM,CN=WMIPOLICY,CN=SYSTEM,DC=XIAORANG,DC=LAB","domainsid":"S-1-5-21-2704639352-1689326099-2164665914","highvalue":false},"ChildObjects":[],"Aces":[{"PrincipalSID":"S-1-5-21-2704639352-1689326099-2164665914-512","PrincipalType":"Group","RightName":"Owns","IsInherited":false},{"PrincipalSID":"S-1-5-21-2704639352-1689326099-2164665914-512","PrincipalType":"Group","RightName":"GenericAll","IsInherited":false},{"PrincipalSID":"S-1-5-21-2704639352-1689326099-2164665914-519","PrincipalType":"Group","RightName":"GenericAll","IsInherited":false}],"ObjectIdentifier":"49D3EF84-31EC-49D6-958D-018537E2C698","IsDeleted":false,"IsACLProtected":true},{"Properties":{"domain":"XIAORANG.LAB","name":"SYSTEM@XIAORANG.LAB","distinguishedname":"CN=SYSTEM,DC=XIAORANG,DC=LAB","domainsid":"S-1-5-21-2704639352-1689326099-2164665914","highvalue":false},"ChildObjects":[],"Aces":[{"PrincipalSID":"S-1-5-21-2704639352-1689326099-2164665914-512","PrincipalType":"Group","RightName":"Owns","IsInherited":false},{"PrincipalSID":"S-1-5-21-2704639352-1689326099-2164665914-512","PrincipalType":"Group","RightName":"WriteDacl","IsInherited":false},{"PrincipalSID":"S-1-5-21-2704639352-1689326099-2164665914-512","PrincipalType":"Group","RightName":"WriteOwner","IsInherited":false},{"PrincipalSID":"S-1-5-21-2704639352-1689326099-2164665914-519","PrincipalType":"Group","RightName":"GenericAll","IsInherited":true},{"PrincipalSID":"XIAORANG.LAB-S-1-5-32-544","PrincipalType":"Group","RightName":"WriteDacl","IsInherited":true},{"PrincipalSID":"XIAORANG.LAB-S-1-5-32-544","PrincipalType":"Group","RightName":"WriteOwner","IsInherited":true}],"ObjectIdentifier":"7CC8217A-CFF8-4DC2-8DF1-EE95DA852761","IsDeleted":false,"IsACLProtected":false},{"Properties":{"domain":"XIAORANG.LAB","name":"FOREIGNSECURITYPRINCIPALS@XIAORANG.LAB","distinguishedname":"CN=FOREIGNSECURITYPRINCIPALS,DC=XIAORANG,DC=LAB","domainsid":"S-1-5-21-2704639352-1689326099-2164665914","highvalue":false},"ChildObjects":[],"Aces":[{"PrincipalSID":"S-1-5-21-2704639352-1689326099-2164665914-512","PrincipalType":"Group","RightName":"Owns","IsInherited":false},{"PrincipalSID":"S-1-5-21-2704639352-1689326099-2164665914-512","PrincipalType":"Group","RightName":"GenericAll","IsInherited":false},{"PrincipalSID":"S-1-5-21-2704639352-1689326099-2164665914-519","PrincipalType":"Group","RightName":"GenericAll","IsInherited":true},{"PrincipalSID":"XIAORANG.LAB-S-1-5-32-544","PrincipalType":"Group","RightName":"WriteDacl","IsInherited":true},{"PrincipalSID":"XIAORANG.LAB-S-1-5-32-544","PrincipalType":"Group","RightName":"WriteOwner","IsInherited":true}],"ObjectIdentifier":"80C5B6C3-B1AF-4702-BA1A-D0A55545CB62","IsDeleted":false,"IsACLProtected":false},{"Properties":{"domain":"XIAORANG.LAB","name":"MICROSOFT@XIAORANG.LAB","distinguishedname":"CN=MICROSOFT,CN=PROGRAM DATA,DC=XIAORANG,DC=LAB","domainsid":"S-1-5-21-2704639352-1689326099-2164665914","highvalue":false},"ChildObjects":[],"Aces":[{"PrincipalSID":"S-1-5-21-2704639352-1689326099-2164665914-512","PrincipalType":"Group","RightName":"Owns","IsInherited":false},{"PrincipalSID":"S-1-5-21-2704639352-1689326099-2164665914-512","PrincipalType":"Group","RightName":"GenericAll","IsInherited":false},{"PrincipalSID":"S-1-5-21-2704639352-1689326099-2164665914-519","PrincipalType":"Group","RightName":"GenericAll","IsInherited":true},{"PrincipalSID":"XIAORANG.LAB-S-1-5-32-544","PrincipalType":"Group","RightName":"WriteDacl","IsInherited":true},{"PrincipalSID":"XIAORANG.LAB-S-1-5-32-544","PrincipalType":"Group","RightName":"WriteOwner","IsInherited":true}],"ObjectIdentifier":"2707990A-914E-40E3-85F4-34278CDEE7A3","IsDeleted":false,"IsACLProtected":false},{"Properties":{"domain":"XIAORANG.LAB","name":"MANAGED SERVICE ACCOUNTS@XIAORANG.LAB","distinguishedname":"CN=MANAGED SERVICE ACCOUNTS,DC=XIAORANG,DC=LAB","domainsid":"S-1-5-21-2704639352-1689326099-2164665914","highvalue":false},"ChildObjects":[],"Aces":[{"PrincipalSID":"S-1-5-21-2704639352-1689326099-2164665914-512","PrincipalType":"Group","RightName":"Owns","IsInherited":false},{"PrincipalSID":"S-1-5-21-2704639352-1689326099-2164665914-512","PrincipalType":"Group","RightName":"WriteDacl","IsInherited":false},{"PrincipalSID":"S-1-5-21-2704639352-1689326099-2164665914-512","PrincipalType":"Group","RightName":"WriteOwner","IsInherited":false},{"PrincipalSID":"S-1-5-21-2704639352-1689326099-2164665914-519","PrincipalType":"Group","RightName":"GenericAll","IsInherited":true},{"PrincipalSID":"XIAORANG.LAB-S-1-5-32-544","PrincipalType":"Group","RightName":"WriteDacl","IsInherited":true},{"PrincipalSID":"XIAORANG.LAB-S-1-5-32-544","PrincipalType":"Group","RightName":"WriteOwner","IsInherited":true}],"ObjectIdentifier":"8C51121D-D2C8-4A45-B443-BA6690CA90A0","IsDeleted":false,"IsACLProtected":false},{"Properties":{"domain":"XIAORANG.LAB","name":"POLICYTEMPLATE@XIAORANG.LAB","distinguishedname":"CN=POLICYTEMPLATE,CN=WMIPOLICY,CN=SYSTEM,DC=XIAORANG,DC=LAB","domainsid":"S-1-5-21-2704639352-1689326099-2164665914","highvalue":false},"ChildObjects":[],"Aces":[{"PrincipalSID":"S-1-5-21-2704639352-1689326099-2164665914-512","PrincipalType":"Group","RightName":"Owns","IsInherited":false},{"PrincipalSID":"S-1-5-21-2704639352-1689326099-2164665914-512","PrincipalType":"Group","RightName":"WriteDacl","IsInherited":false},{"PrincipalSID":"S-1-5-21-2704639352-1689326099-2164665914-512","PrincipalType":"Group","RightName":"WriteOwner","IsInherited":false},{"PrincipalSID":"S-1-5-21-2704639352-1689326099-2164665914-519","PrincipalType":"Group","RightName":"GenericAll","IsInherited":true},{"PrincipalSID":"S-1-5-21-2704639352-1689326099-2164665914-512","PrincipalType":"Group","RightName":"GenericAll","IsInherited":true}],"ObjectIdentifier":"D820001E-31A7-48C3-A1B2-04A7475BF1AF","IsDeleted":false,"IsACLProtected":false},{"Properties":{"domain":"XIAORANG.LAB","name":"COMPUTERS@XIAORANG.LAB","distinguishedname":"CN=COMPUTERS,DC=XIAORANG,DC=LAB","domainsid":"S-1-5-21-2704639352-1689326099-2164665914","highvalue":false},"ChildObjects":[{"ObjectIdentifier":"S-1-5-21-2704639352-1689326099-2164665914-1103","ObjectType":"Computer"},{"ObjectIdentifier":"S-1-5-21-2704639352-1689326099-2164665914-1104","ObjectType":"Computer"}],"Aces":[{"PrincipalSID":"S-1-5-21-2704639352-1689326099-2164665914-512","PrincipalType":"Group","RightName":"Owns","IsInherited":false},{"PrincipalSID":"S-1-5-21-2704639352-1689326099-2164665914-512","PrincipalType":"Group","RightName":"WriteDacl","IsInherited":false},{"PrincipalSID":"S-1-5-21-2704639352-1689326099-2164665914-512","PrincipalType":"Group","RightName":"WriteOwner","IsInherited":false},{"PrincipalSID":"S-1-5-21-2704639352-1689326099-2164665914-519","PrincipalType":"Group","RightName":"GenericAll","IsInherited":true},{"PrincipalSID":"XIAORANG.LAB-S-1-5-32-544","PrincipalType":"Group","RightName":"WriteDacl","IsInherited":true},{"PrincipalSID":"XIAORANG.LAB-S-1-5-32-544","PrincipalType":"Group","RightName":"WriteOwner","IsInherited":true}],"ObjectIdentifier":"7ADBADDD-4034-4AB3-90A9-64D0E4CDBC9D","IsDeleted":false,"IsACLProtected":false},{"Properties":{"domain":"XIAORANG.LAB","name":"PROGRAM DATA@XIAORANG.LAB","distinguishedname":"CN=PROGRAM DATA,DC=XIAORANG,DC=LAB","domainsid":"S-1-5-21-2704639352-1689326099-2164665914","highvalue":false},"ChildObjects":[],"Aces":[{"PrincipalSID":"S-1-5-21-2704639352-1689326099-2164665914-512","PrincipalType":"Group","RightName":"Owns","IsInherited":false},{"PrincipalSID":"S-1-5-21-2704639352-1689326099-2164665914-512","PrincipalType":"Group","RightName":"GenericAll","IsInherited":false},{"PrincipalSID":"S-1-5-21-2704639352-1689326099-2164665914-519","PrincipalType":"Group","RightName":"GenericAll","IsInherited":true},{"PrincipalSID":"XIAORANG.LAB-S-1-5-32-544","PrincipalType":"Group","RightName":"WriteDacl","IsInherited":true},{"PrincipalSID":"XIAORANG.LAB-S-1-5-32-544","PrincipalType":"Group","RightName":"WriteOwner","IsInherited":true}],"ObjectIdentifier":"CC9D7127-1E37-49BA-894A-AB702CA8CC92","IsDeleted":false,"IsACLProtected":false},{"Properties":{"domain":"XIAORANG.LAB","name":"COMPARTITIONSETS@XIAORANG.LAB","distinguishedname":"CN=COMPARTITIONSETS,CN=SYSTEM,DC=XIAORANG,DC=LAB","domainsid":"S-1-5-21-2704639352-1689326099-2164665914","highvalue":false},"ChildObjects":[],"Aces":[{"PrincipalSID":"S-1-5-21-2704639352-1689326099-2164665914-512","PrincipalType":"Group","RightName":"Owns","IsInherited":false},{"PrincipalSID":"S-1-5-21-2704639352-1689326099-2164665914-512","PrincipalType":"Group","RightName":"WriteDacl","IsInherited":false},{"PrincipalSID":"S-1-5-21-2704639352-1689326099-2164665914-512","PrincipalType":"Group","RightName":"WriteOwner","IsInherited":false},{"PrincipalSID":"S-1-5-21-2704639352-1689326099-2164665914-519","PrincipalType":"Group","RightName":"GenericAll","IsInherited":true},{"PrincipalSID":"XIAORANG.LAB-S-1-5-32-544","PrincipalType":"Group","RightName":"WriteDacl","IsInherited":true},{"PrincipalSID":"XIAORANG.LAB-S-1-5-32-544","PrincipalType":"Group","RightName":"WriteOwner","IsInherited":true}],"ObjectIdentifier":"A354E516-120B-4296-9ED1-E99A8127A38C","IsDeleted":false,"IsACLProtected":false},{"Properties":{"domain":"XIAORANG.LAB","name":"WINSOCKSERVICES@XIAORANG.LAB","distinguishedname":"CN=WINSOCKSERVICES,CN=SYSTEM,DC=XIAORANG,DC=LAB","domainsid":"S-1-5-21-2704639352-1689326099-2164665914","highvalue":false},"ChildObjects":[],"Aces":[{"PrincipalSID":"S-1-5-21-2704639352-1689326099-2164665914-512","PrincipalType":"Group","RightName":"Owns","IsInherited":false},{"PrincipalSID":"S-1-5-21-2704639352-1689326099-2164665914-512","PrincipalType":"Group","RightName":"WriteDacl","IsInherited":false},{"PrincipalSID":"S-1-5-21-2704639352-1689326099-2164665914-512","PrincipalType":"Group","RightName":"WriteOwner","IsInherited":false},{"PrincipalSID":"S-1-5-21-2704639352-1689326099-2164665914-519","PrincipalType":"Group","RightName":"GenericAll","IsInherited":true},{"PrincipalSID":"XIAORANG.LAB-S-1-5-32-544","PrincipalType":"Group","RightName":"WriteDacl","IsInherited":true},{"PrincipalSID":"XIAORANG.LAB-S-1-5-32-544","PrincipalType":"Group","RightName":"WriteOwner","IsInherited":true}],"ObjectIdentifier":"3A6EFDBE-027A-4A0D-BFA4-75B0C12693F0","IsDeleted":false,"IsACLProtected":false},{"Properties":{"domain":"XIAORANG.LAB","name":"IP SECURITY@XIAORANG.LAB","distinguishedname":"CN=IP SECURITY,CN=SYSTEM,DC=XIAORANG,DC=LAB","domainsid":"S-1-5-21-2704639352-1689326099-2164665914","highvalue":false},"ChildObjects":[],"Aces":[{"PrincipalSID":"S-1-5-21-2704639352-1689326099-2164665914-512","PrincipalType":"Group","RightName":"Owns","IsInherited":false},{"PrincipalSID":"S-1-5-21-2704639352-1689326099-2164665914-512","PrincipalType":"Group","RightName":"WriteDacl","IsInherited":false},{"PrincipalSID":"S-1-5-21-2704639352-1689326099-2164665914-512","PrincipalType":"Group","RightName":"WriteOwner","IsInherited":false},{"PrincipalSID":"S-1-5-21-2704639352-1689326099-2164665914-519","PrincipalType":"Group","RightName":"GenericAll","IsInherited":true},{"PrincipalSID":"XIAORANG.LAB-S-1-5-32-544","PrincipalType":"Group","RightName":"WriteDacl","IsInherited":true},{"PrincipalSID":"XIAORANG.LAB-S-1-5-32-544","PrincipalType":"Group","RightName":"WriteOwner","IsInherited":true}],"ObjectIdentifier":"BCDE357F-EC71-4D96-9BD8-4EFF88FD0326","IsDeleted":false,"IsACLProtected":false},{"Properties":{"domain":"XIAORANG.LAB","name":"MEETINGS@XIAORANG.LAB","distinguishedname":"CN=MEETINGS,CN=SYSTEM,DC=XIAORANG,DC=LAB","domainsid":"S-1-5-21-2704639352-1689326099-2164665914","highvalue":false},"ChildObjects":[],"Aces":[{"PrincipalSID":"S-1-5-21-2704639352-1689326099-2164665914-512","PrincipalType":"Group","RightName":"Owns","IsInherited":false},{"PrincipalSID":"S-1-5-21-2704639352-1689326099-2164665914-512","PrincipalType":"Group","RightName":"WriteDacl","IsInherited":false},{"PrincipalSID":"S-1-5-21-2704639352-1689326099-2164665914-512","PrincipalType":"Group","RightName":"WriteOwner","IsInherited":false},{"PrincipalSID":"S-1-5-21-2704639352-1689326099-2164665914-519","PrincipalType":"Group","RightName":"GenericAll","IsInherited":true},{"PrincipalSID":"XIAORANG.LAB-S-1-5-32-544","PrincipalType":"Group","RightName":"WriteDacl","IsInherited":true},{"PrincipalSID":"XIAORANG.LAB-S-1-5-32-544","PrincipalType":"Group","RightName":"WriteOwner","IsInherited":true}],"ObjectIdentifier":"5D339C34-C781-4B63-B547-EAAF14D5E729","IsDeleted":false,"IsACLProtected":false},{"Properties":{"domain":"XIAORANG.LAB","name":"USERS@XIAORANG.LAB","distinguishedname":"CN=USERS,DC=XIAORANG,DC=LAB","domainsid":"S-1-5-21-2704639352-1689326099-2164665914","highvalue":false},"ChildObjects":[{"ObjectIdentifier":"S-1-5-21-2704639352-1689326099-2164665914-500","ObjectType":"User"},{"ObjectIdentifier":"S-1-5-21-2704639352-1689326099-2164665914-1111","ObjectType":"User"},{"ObjectIdentifier":"S-1-5-21-2704639352-1689326099-2164665914-571","ObjectType":"Group"},{"ObjectIdentifier":"S-1-5-21-2704639352-1689326099-2164665914-517","ObjectType":"Group"},{"ObjectIdentifier":"S-1-5-21-2704639352-1689326099-2164665914-1110","ObjectType":"User"},{"ObjectIdentifier":"S-1-5-21-2704639352-1689326099-2164665914-522","ObjectType":"Group"},{"ObjectIdentifier":"S-1-5-21-2704639352-1689326099-2164665914-503","ObjectType":"User"},{"ObjectIdentifier":"S-1-5-21-2704639352-1689326099-2164665914-572","ObjectType":"Group"},{"ObjectIdentifier":"S-1-5-21-2704639352-1689326099-2164665914-1101","ObjectType":"Group"},{"ObjectIdentifier":"S-1-5-21-2704639352-1689326099-2164665914-1102","ObjectType":"Group"},{"ObjectIdentifier":"S-1-5-21-2704639352-1689326099-2164665914-512","ObjectType":"Group"},{"ObjectIdentifier":"S-1-5-21-2704639352-1689326099-2164665914-515","ObjectType":"Group"},{"ObjectIdentifier":"S-1-5-21-2704639352-1689326099-2164665914-516","ObjectType":"Group"},{"ObjectIdentifier":"S-1-5-21-2704639352-1689326099-2164665914-514","ObjectType":"Group"},{"ObjectIdentifier":"S-1-5-21-2704639352-1689326099-2164665914-513","ObjectType":"Group"},{"ObjectIdentifier":"S-1-5-21-2704639352-1689326099-2164665914-519","ObjectType":"Group"},{"ObjectIdentifier":"S-1-5-21-2704639352-1689326099-2164665914-527","ObjectType":"Group"},{"ObjectIdentifier":"S-1-5-21-2704639352-1689326099-2164665914-498","ObjectType":"Group"},{"ObjectIdentifier":"S-1-5-21-2704639352-1689326099-2164665914-520","ObjectType":"Group"},{"ObjectIdentifier":"S-1-5-21-2704639352-1689326099-2164665914-501","ObjectType":"User"},{"ObjectIdentifier":"S-1-5-21-2704639352-1689326099-2164665914-526","ObjectType":"Group"},{"ObjectIdentifier":"S-1-5-21-2704639352-1689326099-2164665914-502","ObjectType":"User"},{"ObjectIdentifier":"S-1-5-21-2704639352-1689326099-2164665914-1108","ObjectType":"User"},{"ObjectIdentifier":"S-1-5-21-2704639352-1689326099-2164665914-525","ObjectType":"Group"},{"ObjectIdentifier":"S-1-5-21-2704639352-1689326099-2164665914-553","ObjectType":"Group"},{"ObjectIdentifier":"S-1-5-21-2704639352-1689326099-2164665914-521","ObjectType":"Group"},{"ObjectIdentifier":"S-1-5-21-2704639352-1689326099-2164665914-518","ObjectType":"Group"},{"ObjectIdentifier":"S-1-5-21-2704639352-1689326099-2164665914-1105","ObjectType":"User"},{"ObjectIdentifier":"S-1-5-21-2704639352-1689326099-2164665914-1106","ObjectType":"User"}],"Aces":[{"PrincipalSID":"S-1-5-21-2704639352-1689326099-2164665914-512","PrincipalType":"Group","RightName":"Owns","IsInherited":false},{"PrincipalSID":"S-1-5-21-2704639352-1689326099-2164665914-512","PrincipalType":"Group","RightName":"WriteDacl","IsInherited":false},{"PrincipalSID":"S-1-5-21-2704639352-1689326099-2164665914-512","PrincipalType":"Group","RightName":"WriteOwner","IsInherited":false},{"PrincipalSID":"S-1-5-21-2704639352-1689326099-2164665914-519","PrincipalType":"Group","RightName":"GenericAll","IsInherited":true},{"PrincipalSID":"XIAORANG.LAB-S-1-5-32-544","PrincipalType":"Group","RightName":"WriteDacl","IsInherited":true},{"PrincipalSID":"XIAORANG.LAB-S-1-5-32-544","PrincipalType":"Group","RightName":"WriteOwner","IsInherited":true}],"ObjectIdentifier":"6FDD04A9-5B12-469E-A4F1-C0AEB3063F0E","IsDeleted":false,"IsACLProtected":false},{"Properties":{"domain":"XIAORANG.LAB","name":"RPCSERVICES@XIAORANG.LAB","distinguishedname":"CN=RPCSERVICES,CN=SYSTEM,DC=XIAORANG,DC=LAB","domainsid":"S-1-5-21-2704639352-1689326099-2164665914","highvalue":false},"ChildObjects":[],"Aces":[{"PrincipalSID":"S-1-5-21-2704639352-1689326099-2164665914-512","PrincipalType":"Group","RightName":"Owns","IsInherited":false},{"PrincipalSID":"S-1-5-21-2704639352-1689326099-2164665914-512","PrincipalType":"Group","RightName":"WriteDacl","IsInherited":false},{"PrincipalSID":"S-1-5-21-2704639352-1689326099-2164665914-512","PrincipalType":"Group","RightName":"WriteOwner","IsInherited":false},{"PrincipalSID":"S-1-5-21-2704639352-1689326099-2164665914-519","PrincipalType":"Group","RightName":"GenericAll","IsInherited":true},{"PrincipalSID":"XIAORANG.LAB-S-1-5-32-544","PrincipalType":"Group","RightName":"WriteDacl","IsInherited":true},{"PrincipalSID":"XIAORANG.LAB-S-1-5-32-544","PrincipalType":"Group","RightName":"WriteOwner","IsInherited":true}],"ObjectIdentifier":"CA59B4D1-6A6D-4ED8-B5C5-8E21AEC61FB5","IsDeleted":false,"IsACLProtected":false},{"Properties":{"domain":"XIAORANG.LAB","name":"RAS AND IAS SERVERS ACCESS CHECK@XIAORANG.LAB","distinguishedname":"CN=RAS AND IAS SERVERS ACCESS CHECK,CN=SYSTEM,DC=XIAORANG,DC=LAB","domainsid":"S-1-5-21-2704639352-1689326099-2164665914","highvalue":false},"ChildObjects":[],"Aces":[{"PrincipalSID":"S-1-5-21-2704639352-1689326099-2164665914-512","PrincipalType":"Group","RightName":"Owns","IsInherited":false},{"PrincipalSID":"S-1-5-21-2704639352-1689326099-2164665914-553","PrincipalType":"Group","RightName":"WriteDacl","IsInherited":false},{"PrincipalSID":"S-1-5-21-2704639352-1689326099-2164665914-553","PrincipalType":"Group","RightName":"WriteOwner","IsInherited":false},{"PrincipalSID":"S-1-5-21-2704639352-1689326099-2164665914-519","PrincipalType":"Group","RightName":"GenericAll","IsInherited":true},{"PrincipalSID":"XIAORANG.LAB-S-1-5-32-544","PrincipalType":"Group","RightName":"WriteDacl","IsInherited":true},{"PrincipalSID":"XIAORANG.LAB-S-1-5-32-544","PrincipalType":"Group","RightName":"WriteOwner","IsInherited":true}],"ObjectIdentifier":"CE32FE5A-DDDB-4ACD-97AC-8F4EE33B8C3C","IsDeleted":false,"IsACLProtected":false},{"Properties":{"domain":"XIAORANG.LAB","name":"PSPS@XIAORANG.LAB","distinguishedname":"CN=PSPS,CN=SYSTEM,DC=XIAORANG,DC=LAB","domainsid":"S-1-5-21-2704639352-1689326099-2164665914","highvalue":false},"ChildObjects":[],"Aces":[{"PrincipalSID":"S-1-5-21-2704639352-1689326099-2164665914-512","PrincipalType":"Group","RightName":"Owns","IsInherited":false},{"PrincipalSID":"S-1-5-21-2704639352-1689326099-2164665914-512","PrincipalType":"Group","RightName":"GenericAll","IsInherited":false},{"PrincipalSID":"S-1-5-21-2704639352-1689326099-2164665914-519","PrincipalType":"Group","RightName":"GenericAll","IsInherited":true},{"PrincipalSID":"XIAORANG.LAB-S-1-5-32-544","PrincipalType":"Group","RightName":"WriteDacl","IsInherited":true},{"PrincipalSID":"XIAORANG.LAB-S-1-5-32-544","PrincipalType":"Group","RightName":"WriteOwner","IsInherited":true}],"ObjectIdentifier":"6546E3B2-40C7-419E-872A-AD4C2444F996","IsDeleted":false,"IsACLProtected":false},{"Properties":{"domain":"XIAORANG.LAB","name":"POLICIES@XIAORANG.LAB","distinguishedname":"CN=POLICIES,CN=SYSTEM,DC=XIAORANG,DC=LAB","domainsid":"S-1-5-21-2704639352-1689326099-2164665914","highvalue":false},"ChildObjects":[],"Aces":[{"PrincipalSID":"S-1-5-21-2704639352-1689326099-2164665914-512","PrincipalType":"Group","RightName":"Owns","IsInherited":false},{"PrincipalSID":"S-1-5-21-2704639352-1689326099-2164665914-512","PrincipalType":"Group","RightName":"WriteDacl","IsInherited":false},{"PrincipalSID":"S-1-5-21-2704639352-1689326099-2164665914-512","PrincipalType":"Group","RightName":"WriteOwner","IsInherited":false},{"PrincipalSID":"S-1-5-21-2704639352-1689326099-2164665914-519","PrincipalType":"Group","RightName":"GenericAll","IsInherited":true},{"PrincipalSID":"XIAORANG.LAB-S-1-5-32-544","PrincipalType":"Group","RightName":"WriteDacl","IsInherited":true},{"PrincipalSID":"XIAORANG.LAB-S-1-5-32-544","PrincipalType":"Group","RightName":"WriteOwner","IsInherited":true}],"ObjectIdentifier":"48AFFAEF-32E2-4F5C-878F-1D9D9C9636AA","IsDeleted":false,"IsACLProtected":false},{"Properties":{"domain":"XIAORANG.LAB","name":"COMPARTITIONS@XIAORANG.LAB","distinguishedname":"CN=COMPARTITIONS,CN=SYSTEM,DC=XIAORANG,DC=LAB","domainsid":"S-1-5-21-2704639352-1689326099-2164665914","highvalue":false},"ChildObjects":[],"Aces":[{"PrincipalSID":"S-1-5-21-2704639352-1689326099-2164665914-512","PrincipalType":"Group","RightName":"Owns","IsInherited":false},{"PrincipalSID":"S-1-5-21-2704639352-1689326099-2164665914-512","PrincipalType":"Group","RightName":"WriteDacl","IsInherited":false},{"PrincipalSID":"S-1-5-21-2704639352-1689326099-2164665914-512","PrincipalType":"Group","RightName":"WriteOwner","IsInherited":false},{"PrincipalSID":"S-1-5-21-2704639352-1689326099-2164665914-519","PrincipalType":"Group","RightName":"GenericAll","IsInherited":true},{"PrincipalSID":"XIAORANG.LAB-S-1-5-32-544","PrincipalType":"Group","RightName":"WriteDacl","IsInherited":true},{"PrincipalSID":"XIAORANG.LAB-S-1-5-32-544","PrincipalType":"Group","RightName":"WriteOwner","IsInherited":true}],"ObjectIdentifier":"D1C3E288-E86F-418B-94B3-4A2D99FE258A","IsDeleted":false,"IsACLProtected":false}],"meta":{"methods":29695,"type":"containers","count":22,"version":5}}