﻿{"data":[{"GPOChanges":{"LocalAdmins":[],"RemoteDesktopUsers":[],"DcomUsers":[],"PSRemoteUsers":[],"AffectedComputers":[{"ObjectIdentifier":"S-1-5-21-2704639352-1689326099-2164665914-1000","ObjectType":"Computer"},{"ObjectIdentifier":"S-1-5-21-2704639352-1689326099-2164665914-1103","ObjectType":"Computer"},{"ObjectIdentifier":"S-1-5-21-2704639352-1689326099-2164665914-1104","ObjectType":"Computer"}]},"Properties":{"domain":"XIAORANG.LAB","name":"XIAORANG.LAB","distinguishedname":"DC=XIAORANG,DC=LAB","domainsid":"S-1-5-21-2704639352-1689326099-2164665914","highvalue":true,"description":null,"whencreated":1654706027,"functionallevel":"2016"},"ChildObjects":[{"ObjectIdentifier":"7ADBADDD-4034-4AB3-90A9-64D0E4CDBC9D","ObjectType":"Container"},{"ObjectIdentifier":"E598D937-1D5D-47F1-B783-68F93C4D698F","ObjectType":"OU"},{"ObjectIdentifier":"80C5B6C3-B1AF-4702-BA1A-D0A55545CB62","ObjectType":"Container"},{"ObjectIdentifier":"8C51121D-D2C8-4A45-B443-BA6690CA90A0","ObjectType":"Container"},{"ObjectIdentifier":"6FDD04A9-5B12-469E-A4F1-C0AEB3063F0E","ObjectType":"Container"}],"Trusts":[],"Links":[{"IsEnforced":false,"GUID":"DD9A90CC-8880-4EA0-BEFD-32E518DAEAC7"}],"Aces":[{"PrincipalSID":"XIAORANG.LAB-S-1-5-32-544","PrincipalType":"Group","RightName":"Owns","IsInherited":false},{"PrincipalSID":"XIAORANG.LAB-S-1-5-32-544","PrincipalType":"Group","RightName":"WriteDacl","IsInherited":false},{"PrincipalSID":"XIAORANG.LAB-S-1-5-32-544","PrincipalType":"Group","RightName":"WriteOwner","IsInherited":false},{"PrincipalSID":"XIAORANG.LAB-S-1-5-32-544","PrincipalType":"Group","RightName":"AllExtendedRights","IsInherited":false},{"PrincipalSID":"S-1-5-21-2704639352-1689326099-2164665914-512","PrincipalType":"Group","RightName":"WriteDacl","IsInherited":false},{"PrincipalSID":"S-1-5-21-2704639352-1689326099-2164665914-512","PrincipalType":"Group","RightName":"WriteOwner","IsInherited":false},{"PrincipalSID":"S-1-5-21-2704639352-1689326099-2164665914-512","PrincipalType":"Group","RightName":"AllExtendedRights","IsInherited":false},{"PrincipalSID":"S-1-5-21-2704639352-1689326099-2164665914-519","PrincipalType":"Group","RightName":"GenericAll","IsInherited":false},{"PrincipalSID":"XIAORANG.LAB-S-1-5-9","PrincipalType":"Group","RightName":"GetChanges","IsInherited":false},{"PrincipalSID":"XIAORANG.LAB-S-1-5-9","PrincipalType":"Group","RightName":"GetChangesInFilteredSet","IsInherited":false},{"PrincipalSID":"XIAORANG.LAB-S-1-5-32-544","PrincipalType":"Group","RightName":"GetChangesAll","IsInherited":false},{"PrincipalSID":"XIAORANG.LAB-S-1-5-32-544","PrincipalType":"Group","RightName":"GetChanges","IsInherited":false},{"PrincipalSID":"XIAORANG.LAB-S-1-5-32-544","PrincipalType":"Group","RightName":"GetChangesInFilteredSet","IsInherited":false},{"PrincipalSID":"S-1-5-21-2704639352-1689326099-2164665914-498","PrincipalType":"Group","RightName":"GetChanges","IsInherited":false},{"PrincipalSID":"S-1-5-21-2704639352-1689326099-2164665914-516","PrincipalType":"Group","RightName":"GetChangesAll","IsInherited":false}],"ObjectIdentifier":"S-1-5-21-2704639352-1689326099-2164665914","IsDeleted":false,"IsACLProtected":false}],"meta":{"methods":29695,"type":"domains","count":1,"version":5}}