﻿{"data":[{"GPOChanges":{"LocalAdmins":[],"RemoteDesktopUsers":[],"DcomUsers":[],"PSRemoteUsers":[],"AffectedComputers":[{"ObjectIdentifier":"S-1-5-21-2704639352-1689326099-2164665914-1000","ObjectType":"Computer"}]},"Properties":{"domain":"XIAORANG.LAB","name":"DOMAIN CONTROLLERS@XIAORANG.LAB","distinguishedname":"OU=DOMAIN CONTROLLERS,DC=XIAORANG,DC=LAB","domainsid":"S-1-5-21-2704639352-1689326099-2164665914","highvalue":false,"description":"Default container for domain controllers","whencreated":1654706037,"blocksinheritance":false},"Links":[{"IsEnforced":false,"GUID":"3A31395C-8584-4A10-B239-1A2343FE89D6"}],"ChildObjects":[{"ObjectIdentifier":"S-1-5-21-2704639352-1689326099-2164665914-1000","ObjectType":"Computer"}],"Aces":[{"PrincipalSID":"S-1-5-21-2704639352-1689326099-2164665914-512","PrincipalType":"Group","RightName":"Owns","IsInherited":false},{"PrincipalSID":"S-1-5-21-2704639352-1689326099-2164665914-512","PrincipalType":"Group","RightName":"WriteDacl","IsInherited":false},{"PrincipalSID":"S-1-5-21-2704639352-1689326099-2164665914-512","PrincipalType":"Group","RightName":"WriteOwner","IsInherited":false},{"PrincipalSID":"S-1-5-21-2704639352-1689326099-2164665914-519","PrincipalType":"Group","RightName":"GenericAll","IsInherited":true},{"PrincipalSID":"XIAORANG.LAB-S-1-5-32-544","PrincipalType":"Group","RightName":"WriteDacl","IsInherited":true},{"PrincipalSID":"XIAORANG.LAB-S-1-5-32-544","PrincipalType":"Group","RightName":"WriteOwner","IsInherited":true}],"ObjectIdentifier":"E598D937-1D5D-47F1-B783-68F93C4D698F","IsDeleted":false,"IsACLProtected":false}],"meta":{"methods":29695,"type":"ous","count":1,"version":5}}