﻿{"data":[{"Properties":{"domain":"XIAORANG.LAB","name":"DEFAULT DOMAIN POLICY@XIAORANG.LAB","distinguishedname":"CN={31B2F340-016D-11D2-945F-00C04FB984F9},CN=POLICIES,CN=SYSTEM,DC=XIAORANG,DC=LAB","domainsid":"S-1-5-21-2704639352-1689326099-2164665914","highvalue":false,"description":null,"whencreated":1654706037,"gpcpath":"\\\\XIAORANG.LAB\\SYSVOL\\XIAORANG.LAB\\POLICIES\\{31B2F340-016D-11D2-945F-00C04FB984F9}"},"Aces":[{"PrincipalSID":"S-1-5-21-2704639352-1689326099-2164665914-512","PrincipalType":"Group","RightName":"Owns","IsInherited":false},{"PrincipalSID":"S-1-5-21-2704639352-1689326099-2164665914-512","PrincipalType":"Group","RightName":"WriteDacl","IsInherited":false},{"PrincipalSID":"S-1-5-21-2704639352-1689326099-2164665914-512","PrincipalType":"Group","RightName":"WriteOwner","IsInherited":false},{"PrincipalSID":"S-1-5-21-2704639352-1689326099-2164665914-512","PrincipalType":"Group","RightName":"GenericWrite","IsInherited":false},{"PrincipalSID":"S-1-5-21-2704639352-1689326099-2164665914-512","PrincipalType":"Group","RightName":"WriteDacl","IsInherited":false},{"PrincipalSID":"S-1-5-21-2704639352-1689326099-2164665914-512","PrincipalType":"Group","RightName":"WriteOwner","IsInherited":false},{"PrincipalSID":"S-1-5-21-2704639352-1689326099-2164665914-512","PrincipalType":"Group","RightName":"GenericWrite","IsInherited":false},{"PrincipalSID":"S-1-5-21-2704639352-1689326099-2164665914-519","PrincipalType":"Group","RightName":"WriteDacl","IsInherited":false},{"PrincipalSID":"S-1-5-21-2704639352-1689326099-2164665914-519","PrincipalType":"Group","RightName":"WriteOwner","IsInherited":false},{"PrincipalSID":"S-1-5-21-2704639352-1689326099-2164665914-519","PrincipalType":"Group","RightName":"GenericWrite","IsInherited":false}],"ObjectIdentifier":"DD9A90CC-8880-4EA0-BEFD-32E518DAEAC7","IsDeleted":false,"IsACLProtected":true},{"Properties":{"domain":"XIAORANG.LAB","name":"DEFAULT DOMAIN CONTROLLERS POLICY@XIAORANG.LAB","distinguishedname":"CN={6AC1786C-016F-11D2-945F-00C04FB984F9},CN=POLICIES,CN=SYSTEM,DC=XIAORANG,DC=LAB","domainsid":"S-1-5-21-2704639352-1689326099-2164665914","highvalue":false,"description":null,"whencreated":1654706037,"gpcpath":"\\\\XIAORANG.LAB\\SYSVOL\\XIAORANG.LAB\\POLICIES\\{6AC1786C-016F-11D2-945F-00C04FB984F9}"},"Aces":[{"PrincipalSID":"S-1-5-21-2704639352-1689326099-2164665914-512","PrincipalType":"Group","RightName":"Owns","IsInherited":false},{"PrincipalSID":"S-1-5-21-2704639352-1689326099-2164665914-512","PrincipalType":"Group","RightName":"WriteDacl","IsInherited":false},{"PrincipalSID":"S-1-5-21-2704639352-1689326099-2164665914-512","PrincipalType":"Group","RightName":"WriteOwner","IsInherited":false},{"PrincipalSID":"S-1-5-21-2704639352-1689326099-2164665914-512","PrincipalType":"Group","RightName":"GenericWrite","IsInherited":false},{"PrincipalSID":"S-1-5-21-2704639352-1689326099-2164665914-512","PrincipalType":"Group","RightName":"WriteDacl","IsInherited":false},{"PrincipalSID":"S-1-5-21-2704639352-1689326099-2164665914-512","PrincipalType":"Group","RightName":"WriteOwner","IsInherited":false},{"PrincipalSID":"S-1-5-21-2704639352-1689326099-2164665914-512","PrincipalType":"Group","RightName":"GenericWrite","IsInherited":false},{"PrincipalSID":"S-1-5-21-2704639352-1689326099-2164665914-519","PrincipalType":"Group","RightName":"WriteDacl","IsInherited":false},{"PrincipalSID":"S-1-5-21-2704639352-1689326099-2164665914-519","PrincipalType":"Group","RightName":"WriteOwner","IsInherited":false},{"PrincipalSID":"S-1-5-21-2704639352-1689326099-2164665914-519","PrincipalType":"Group","RightName":"GenericWrite","IsInherited":false}],"ObjectIdentifier":"3A31395C-8584-4A10-B239-1A2343FE89D6","IsDeleted":false,"IsACLProtected":true}],"meta":{"methods":29695,"type":"gpos","count":2,"version":5}}