﻿{"data":[{"Properties":{"domain":"XIAORANG.LAB","name":"ADMINISTRATOR@XIAORANG.LAB","distinguishedname":"CN=ADMINISTRATOR,CN=USERS,DC=XIAORANG,DC=LAB","domainsid":"S-1-5-21-2704639352-1689326099-2164665914","highvalue":false,"samaccountname":"Administrator","description":"管理计算机(域)的内置帐户","whencreated":1654706038,"sensitive":false,"dontreqpreauth":false,"passwordnotreqd":false,"unconstraineddelegation":false,"pwdneverexpires":false,"enabled":true,"trustedtoauth":false,"lastlogon":1654752428,"lastlogontimestamp":1654677303,"pwdlastset":1678602151,"serviceprincipalnames":[],"hasspn":false,"displayname":null,"email":null,"title":null,"homedirectory":null,"userpassword":null,"unixpassword":null,"unicodepassword":null,"sfupassword":null,"logonscript":null,"admincount":true,"sidhistory":[]},"AllowedToDelegate":[],"PrimaryGroupSID":"S-1-5-21-2704639352-1689326099-2164665914-513","HasSIDHistory":[],"SPNTargets":[],"Aces":[{"PrincipalSID":"S-1-5-21-2704639352-1689326099-2164665914-512","PrincipalType":"Group","RightName":"Owns","IsInherited":false},{"PrincipalSID":"XIAORANG.LAB-S-1-5-32-544","PrincipalType":"Group","RightName":"WriteDacl","IsInherited":false},{"PrincipalSID":"XIAORANG.LAB-S-1-5-32-544","PrincipalType":"Group","RightName":"WriteOwner","IsInherited":false},{"PrincipalSID":"XIAORANG.LAB-S-1-5-32-544","PrincipalType":"Group","RightName":"AllExtendedRights","IsInherited":false},{"PrincipalSID":"XIAORANG.LAB-S-1-5-32-544","PrincipalType":"Group","RightName":"GenericWrite","IsInherited":false},{"PrincipalSID":"S-1-5-21-2704639352-1689326099-2164665914-512","PrincipalType":"Group","RightName":"WriteDacl","IsInherited":false},{"PrincipalSID":"S-1-5-21-2704639352-1689326099-2164665914-512","PrincipalType":"Group","RightName":"WriteOwner","IsInherited":false},{"PrincipalSID":"S-1-5-21-2704639352-1689326099-2164665914-512","PrincipalType":"Group","RightName":"AllExtendedRights","IsInherited":false},{"PrincipalSID":"S-1-5-21-2704639352-1689326099-2164665914-512","PrincipalType":"Group","RightName":"GenericWrite","IsInherited":false},{"PrincipalSID":"S-1-5-21-2704639352-1689326099-2164665914-519","PrincipalType":"Group","RightName":"WriteDacl","IsInherited":false},{"PrincipalSID":"S-1-5-21-2704639352-1689326099-2164665914-519","PrincipalType":"Group","RightName":"WriteOwner","IsInherited":false},{"PrincipalSID":"S-1-5-21-2704639352-1689326099-2164665914-519","PrincipalType":"Group","RightName":"AllExtendedRights","IsInherited":false},{"PrincipalSID":"S-1-5-21-2704639352-1689326099-2164665914-519","PrincipalType":"Group","RightName":"GenericWrite","IsInherited":false}],"ObjectIdentifier":"S-1-5-21-2704639352-1689326099-2164665914-500","IsDeleted":false,"IsACLProtected":true},{"Properties":{"domain":"XIAORANG.LAB","name":"KRBTGT@XIAORANG.LAB","distinguishedname":"CN=KRBTGT,CN=USERS,DC=XIAORANG,DC=LAB","domainsid":"S-1-5-21-2704639352-1689326099-2164665914","highvalue":false,"samaccountname":"krbtgt","description":"密钥发行中心服务帐户","whencreated":1654706087,"sensitive":false,"dontreqpreauth":false,"passwordnotreqd":false,"unconstraineddelegation":false,"pwdneverexpires":false,"enabled":false,"trustedtoauth":false,"lastlogon":0,"lastlogontimestamp":-1,"pwdlastset":1654677287,"serviceprincipalnames":["kadmin/changepw"],"hasspn":true,"displayname":null,"email":null,"title":null,"homedirectory":null,"userpassword":null,"unixpassword":null,"unicodepassword":null,"sfupassword":null,"logonscript":null,"admincount":true,"sidhistory":[]},"AllowedToDelegate":[],"PrimaryGroupSID":"S-1-5-21-2704639352-1689326099-2164665914-513","HasSIDHistory":[],"SPNTargets":[],"Aces":[{"PrincipalSID":"S-1-5-21-2704639352-1689326099-2164665914-512","PrincipalType":"Group","RightName":"Owns","IsInherited":false},{"PrincipalSID":"XIAORANG.LAB-S-1-5-32-544","PrincipalType":"Group","RightName":"WriteDacl","IsInherited":false},{"PrincipalSID":"XIAORANG.LAB-S-1-5-32-544","PrincipalType":"Group","RightName":"WriteOwner","IsInherited":false},{"PrincipalSID":"XIAORANG.LAB-S-1-5-32-544","PrincipalType":"Group","RightName":"AllExtendedRights","IsInherited":false},{"PrincipalSID":"XIAORANG.LAB-S-1-5-32-544","PrincipalType":"Group","RightName":"GenericWrite","IsInherited":false},{"PrincipalSID":"S-1-5-21-2704639352-1689326099-2164665914-512","PrincipalType":"Group","RightName":"WriteDacl","IsInherited":false},{"PrincipalSID":"S-1-5-21-2704639352-1689326099-2164665914-512","PrincipalType":"Group","RightName":"WriteOwner","IsInherited":false},{"PrincipalSID":"S-1-5-21-2704639352-1689326099-2164665914-512","PrincipalType":"Group","RightName":"AllExtendedRights","IsInherited":false},{"PrincipalSID":"S-1-5-21-2704639352-1689326099-2164665914-512","PrincipalType":"Group","RightName":"GenericWrite","IsInherited":false},{"PrincipalSID":"S-1-5-21-2704639352-1689326099-2164665914-519","PrincipalType":"Group","RightName":"WriteDacl","IsInherited":false},{"PrincipalSID":"S-1-5-21-2704639352-1689326099-2164665914-519","PrincipalType":"Group","RightName":"WriteOwner","IsInherited":false},{"PrincipalSID":"S-1-5-21-2704639352-1689326099-2164665914-519","PrincipalType":"Group","RightName":"AllExtendedRights","IsInherited":false},{"PrincipalSID":"S-1-5-21-2704639352-1689326099-2164665914-519","PrincipalType":"Group","RightName":"GenericWrite","IsInherited":false}],"ObjectIdentifier":"S-1-5-21-2704639352-1689326099-2164665914-502","IsDeleted":false,"IsACLProtected":true},{"Properties":{"domain":"XIAORANG.LAB","name":"DEFAULTACCOUNT@XIAORANG.LAB","distinguishedname":"CN=DEFAULTACCOUNT,CN=USERS,DC=XIAORANG,DC=LAB","domainsid":"S-1-5-21-2704639352-1689326099-2164665914","highvalue":false,"samaccountname":"DefaultAccount","description":"系统管理的用户帐户。","whencreated":1654706038,"sensitive":false,"dontreqpreauth":false,"passwordnotreqd":true,"unconstraineddelegation":false,"pwdneverexpires":true,"enabled":false,"trustedtoauth":false,"lastlogon":0,"lastlogontimestamp":-1,"pwdlastset":0,"serviceprincipalnames":[],"hasspn":false,"displayname":null,"email":null,"title":null,"homedirectory":null,"userpassword":null,"unixpassword":null,"unicodepassword":null,"sfupassword":null,"logonscript":null,"admincount":false,"sidhistory":[]},"AllowedToDelegate":[],"PrimaryGroupSID":"S-1-5-21-2704639352-1689326099-2164665914-513","HasSIDHistory":[],"SPNTargets":[],"Aces":[{"PrincipalSID":"XIAORANG.LAB-S-1-5-32-544","PrincipalType":"Group","RightName":"Owns","IsInherited":false},{"PrincipalSID":"XIAORANG.LAB-S-1-5-32-548","PrincipalType":"Group","RightName":"GenericAll","IsInherited":false},{"PrincipalSID":"S-1-5-21-2704639352-1689326099-2164665914-512","PrincipalType":"Group","RightName":"GenericAll","IsInherited":false},{"PrincipalSID":"S-1-5-21-2704639352-1689326099-2164665914-526","PrincipalType":"Group","RightName":"AddKeyCredentialLink","IsInherited":true},{"PrincipalSID":"S-1-5-21-2704639352-1689326099-2164665914-527","PrincipalType":"Group","RightName":"AddKeyCredentialLink","IsInherited":true},{"PrincipalSID":"S-1-5-21-2704639352-1689326099-2164665914-519","PrincipalType":"Group","RightName":"GenericAll","IsInherited":true},{"PrincipalSID":"XIAORANG.LAB-S-1-5-32-544","PrincipalType":"Group","RightName":"WriteDacl","IsInherited":true},{"PrincipalSID":"XIAORANG.LAB-S-1-5-32-544","PrincipalType":"Group","RightName":"WriteOwner","IsInherited":true},{"PrincipalSID":"XIAORANG.LAB-S-1-5-32-544","PrincipalType":"Group","RightName":"AllExtendedRights","IsInherited":true},{"PrincipalSID":"XIAORANG.LAB-S-1-5-32-544","PrincipalType":"Group","RightName":"GenericWrite","IsInherited":true}],"ObjectIdentifier":"S-1-5-21-2704639352-1689326099-2164665914-503","IsDeleted":false,"IsACLProtected":false},{"Properties":{"domain":"XIAORANG.LAB","name":"VINCENT@XIAORANG.LAB","distinguishedname":"CN=VINCENT,CN=USERS,DC=XIAORANG,DC=LAB","domainsid":"S-1-5-21-2704639352-1689326099-2164665914","highvalue":false,"samaccountname":"Vincent","description":null,"whencreated":1654706523,"sensitive":false,"dontreqpreauth":false,"passwordnotreqd":false,"unconstraineddelegation":false,"pwdneverexpires":false,"enabled":true,"trustedtoauth":false,"lastlogon":0,"lastlogontimestamp":-1,"pwdlastset":1654677723,"serviceprincipalnames":[],"hasspn":false,"displayname":null,"email":null,"title":null,"homedirectory":null,"userpassword":null,"unixpassword":null,"unicodepassword":null,"sfupassword":null,"logonscript":null,"admincount":false,"sidhistory":[]},"AllowedToDelegate":[],"PrimaryGroupSID":"S-1-5-21-2704639352-1689326099-2164665914-513","HasSIDHistory":[],"SPNTargets":[],"Aces":[{"PrincipalSID":"S-1-5-21-2704639352-1689326099-2164665914-512","PrincipalType":"Group","RightName":"Owns","IsInherited":false},{"PrincipalSID":"XIAORANG.LAB-S-1-5-32-548","PrincipalType":"Group","RightName":"GenericAll","IsInherited":false},{"PrincipalSID":"S-1-5-21-2704639352-1689326099-2164665914-512","PrincipalType":"Group","RightName":"GenericAll","IsInherited":false},{"PrincipalSID":"S-1-5-21-2704639352-1689326099-2164665914-526","PrincipalType":"Group","RightName":"AddKeyCredentialLink","IsInherited":true},{"PrincipalSID":"S-1-5-21-2704639352-1689326099-2164665914-527","PrincipalType":"Group","RightName":"AddKeyCredentialLink","IsInherited":true},{"PrincipalSID":"S-1-5-21-2704639352-1689326099-2164665914-519","PrincipalType":"Group","RightName":"GenericAll","IsInherited":true},{"PrincipalSID":"XIAORANG.LAB-S-1-5-32-544","PrincipalType":"Group","RightName":"WriteDacl","IsInherited":true},{"PrincipalSID":"XIAORANG.LAB-S-1-5-32-544","PrincipalType":"Group","RightName":"WriteOwner","IsInherited":true},{"PrincipalSID":"XIAORANG.LAB-S-1-5-32-544","PrincipalType":"Group","RightName":"AllExtendedRights","IsInherited":true},{"PrincipalSID":"XIAORANG.LAB-S-1-5-32-544","PrincipalType":"Group","RightName":"GenericWrite","IsInherited":true}],"ObjectIdentifier":"S-1-5-21-2704639352-1689326099-2164665914-1105","IsDeleted":false,"IsACLProtected":false},{"Properties":{"domain":"XIAORANG.LAB","name":"MARCUS@XIAORANG.LAB","distinguishedname":"CN=MARCUS,CN=USERS,DC=XIAORANG,DC=LAB","domainsid":"S-1-5-21-2704639352-1689326099-2164665914","highvalue":false,"samaccountname":"Marcus","description":null,"whencreated":1654706524,"sensitive":false,"dontreqpreauth":false,"passwordnotreqd":false,"unconstraineddelegation":false,"pwdneverexpires":false,"enabled":true,"trustedtoauth":false,"lastlogon":0,"lastlogontimestamp":-1,"pwdlastset":1654677724,"serviceprincipalnames":[],"hasspn":false,"displayname":null,"email":null,"title":null,"homedirectory":null,"userpassword":null,"unixpassword":null,"unicodepassword":null,"sfupassword":null,"logonscript":null,"admincount":false,"sidhistory":[]},"AllowedToDelegate":[],"PrimaryGroupSID":"S-1-5-21-2704639352-1689326099-2164665914-513","HasSIDHistory":[],"SPNTargets":[],"Aces":[{"PrincipalSID":"S-1-5-21-2704639352-1689326099-2164665914-512","PrincipalType":"Group","RightName":"Owns","IsInherited":false},{"PrincipalSID":"XIAORANG.LAB-S-1-5-32-548","PrincipalType":"Group","RightName":"GenericAll","IsInherited":false},{"PrincipalSID":"S-1-5-21-2704639352-1689326099-2164665914-512","PrincipalType":"Group","RightName":"GenericAll","IsInherited":false},{"PrincipalSID":"S-1-5-21-2704639352-1689326099-2164665914-526","PrincipalType":"Group","RightName":"AddKeyCredentialLink","IsInherited":true},{"PrincipalSID":"S-1-5-21-2704639352-1689326099-2164665914-527","PrincipalType":"Group","RightName":"AddKeyCredentialLink","IsInherited":true},{"PrincipalSID":"S-1-5-21-2704639352-1689326099-2164665914-519","PrincipalType":"Group","RightName":"GenericAll","IsInherited":true},{"PrincipalSID":"XIAORANG.LAB-S-1-5-32-544","PrincipalType":"Group","RightName":"WriteDacl","IsInherited":true},{"PrincipalSID":"XIAORANG.LAB-S-1-5-32-544","PrincipalType":"Group","RightName":"WriteOwner","IsInherited":true},{"PrincipalSID":"XIAORANG.LAB-S-1-5-32-544","PrincipalType":"Group","RightName":"AllExtendedRights","IsInherited":true},{"PrincipalSID":"XIAORANG.LAB-S-1-5-32-544","PrincipalType":"Group","RightName":"GenericWrite","IsInherited":true}],"ObjectIdentifier":"S-1-5-21-2704639352-1689326099-2164665914-1108","IsDeleted":false,"IsACLProtected":false},{"Properties":{"domain":"XIAORANG.LAB","name":"CHARLES@XIAORANG.LAB","distinguishedname":"CN=CHARLES,CN=USERS,DC=XIAORANG,DC=LAB","domainsid":"S-1-5-21-2704639352-1689326099-2164665914","highvalue":false,"samaccountname":"Charles","description":null,"whencreated":1654706608,"sensitive":false,"dontreqpreauth":false,"passwordnotreqd":false,"unconstraineddelegation":false,"pwdneverexpires":false,"enabled":true,"trustedtoauth":false,"lastlogon":0,"lastlogontimestamp":-1,"pwdlastset":1654677808,"serviceprincipalnames":[],"hasspn":false,"displayname":null,"email":null,"title":null,"homedirectory":null,"userpassword":null,"unixpassword":null,"unicodepassword":null,"sfupassword":null,"logonscript":null,"admincount":false,"sidhistory":[]},"AllowedToDelegate":[],"PrimaryGroupSID":"S-1-5-21-2704639352-1689326099-2164665914-513","HasSIDHistory":[],"SPNTargets":[],"Aces":[{"PrincipalSID":"S-1-5-21-2704639352-1689326099-2164665914-512","PrincipalType":"Group","RightName":"Owns","IsInherited":false},{"PrincipalSID":"XIAORANG.LAB-S-1-5-32-548","PrincipalType":"Group","RightName":"GenericAll","IsInherited":false},{"PrincipalSID":"S-1-5-21-2704639352-1689326099-2164665914-512","PrincipalType":"Group","RightName":"GenericAll","IsInherited":false},{"PrincipalSID":"S-1-5-21-2704639352-1689326099-2164665914-526","PrincipalType":"Group","RightName":"AddKeyCredentialLink","IsInherited":true},{"PrincipalSID":"S-1-5-21-2704639352-1689326099-2164665914-527","PrincipalType":"Group","RightName":"AddKeyCredentialLink","IsInherited":true},{"PrincipalSID":"S-1-5-21-2704639352-1689326099-2164665914-519","PrincipalType":"Group","RightName":"GenericAll","IsInherited":true},{"PrincipalSID":"XIAORANG.LAB-S-1-5-32-544","PrincipalType":"Group","RightName":"WriteDacl","IsInherited":true},{"PrincipalSID":"XIAORANG.LAB-S-1-5-32-544","PrincipalType":"Group","RightName":"WriteOwner","IsInherited":true},{"PrincipalSID":"XIAORANG.LAB-S-1-5-32-544","PrincipalType":"Group","RightName":"AllExtendedRights","IsInherited":true},{"PrincipalSID":"XIAORANG.LAB-S-1-5-32-544","PrincipalType":"Group","RightName":"GenericWrite","IsInherited":true}],"ObjectIdentifier":"S-1-5-21-2704639352-1689326099-2164665914-1110","IsDeleted":false,"IsACLProtected":false},{"Properties":{"domain":"XIAORANG.LAB","name":"ALICE@XIAORANG.LAB","distinguishedname":"CN=ALICE,CN=USERS,DC=XIAORANG,DC=LAB","domainsid":"S-1-5-21-2704639352-1689326099-2164665914","highvalue":false,"samaccountname":"Alice","description":null,"whencreated":1654706615,"sensitive":false,"dontreqpreauth":false,"passwordnotreqd":false,"unconstraineddelegation":false,"pwdneverexpires":false,"enabled":true,"trustedtoauth":false,"lastlogon":0,"lastlogontimestamp":-1,"pwdlastset":1654677815,"serviceprincipalnames":[],"hasspn":false,"displayname":null,"email":null,"title":null,"homedirectory":null,"userpassword":null,"unixpassword":null,"unicodepassword":null,"sfupassword":null,"logonscript":null,"admincount":false,"sidhistory":[]},"AllowedToDelegate":[],"PrimaryGroupSID":"S-1-5-21-2704639352-1689326099-2164665914-513","HasSIDHistory":[],"SPNTargets":[],"Aces":[{"PrincipalSID":"S-1-5-21-2704639352-1689326099-2164665914-512","PrincipalType":"Group","RightName":"Owns","IsInherited":false},{"PrincipalSID":"XIAORANG.LAB-S-1-5-32-548","PrincipalType":"Group","RightName":"GenericAll","IsInherited":false},{"PrincipalSID":"S-1-5-21-2704639352-1689326099-2164665914-512","PrincipalType":"Group","RightName":"GenericAll","IsInherited":false},{"PrincipalSID":"S-1-5-21-2704639352-1689326099-2164665914-526","PrincipalType":"Group","RightName":"AddKeyCredentialLink","IsInherited":true},{"PrincipalSID":"S-1-5-21-2704639352-1689326099-2164665914-527","PrincipalType":"Group","RightName":"AddKeyCredentialLink","IsInherited":true},{"PrincipalSID":"S-1-5-21-2704639352-1689326099-2164665914-519","PrincipalType":"Group","RightName":"GenericAll","IsInherited":true},{"PrincipalSID":"XIAORANG.LAB-S-1-5-32-544","PrincipalType":"Group","RightName":"WriteDacl","IsInherited":true},{"PrincipalSID":"XIAORANG.LAB-S-1-5-32-544","PrincipalType":"Group","RightName":"WriteOwner","IsInherited":true},{"PrincipalSID":"XIAORANG.LAB-S-1-5-32-544","PrincipalType":"Group","RightName":"AllExtendedRights","IsInherited":true},{"PrincipalSID":"XIAORANG.LAB-S-1-5-32-544","PrincipalType":"Group","RightName":"GenericWrite","IsInherited":true}],"ObjectIdentifier":"S-1-5-21-2704639352-1689326099-2164665914-1111","IsDeleted":false,"IsACLProtected":false},{"Properties":{"domain":"XIAORANG.LAB","name":"GUEST@XIAORANG.LAB","distinguishedname":"CN=GUEST,CN=USERS,DC=XIAORANG,DC=LAB","domainsid":"S-1-5-21-2704639352-1689326099-2164665914","highvalue":false,"samaccountname":"Guest","description":"供来宾访问计算机或访问域的内置帐户","whencreated":1654706038,"sensitive":false,"dontreqpreauth":false,"passwordnotreqd":true,"unconstraineddelegation":false,"pwdneverexpires":true,"enabled":false,"trustedtoauth":false,"lastlogon":0,"lastlogontimestamp":-1,"pwdlastset":0,"serviceprincipalnames":[],"hasspn":false,"displayname":null,"email":null,"title":null,"homedirectory":null,"userpassword":null,"unixpassword":null,"unicodepassword":null,"sfupassword":null,"logonscript":null,"admincount":false,"sidhistory":[]},"AllowedToDelegate":[],"PrimaryGroupSID":"S-1-5-21-2704639352-1689326099-2164665914-514","HasSIDHistory":[],"SPNTargets":[],"Aces":[{"PrincipalSID":"XIAORANG.LAB-S-1-5-32-544","PrincipalType":"Group","RightName":"Owns","IsInherited":false},{"PrincipalSID":"XIAORANG.LAB-S-1-5-32-548","PrincipalType":"Group","RightName":"GenericAll","IsInherited":false},{"PrincipalSID":"S-1-5-21-2704639352-1689326099-2164665914-512","PrincipalType":"Group","RightName":"GenericAll","IsInherited":false},{"PrincipalSID":"S-1-5-21-2704639352-1689326099-2164665914-526","PrincipalType":"Group","RightName":"AddKeyCredentialLink","IsInherited":true},{"PrincipalSID":"S-1-5-21-2704639352-1689326099-2164665914-527","PrincipalType":"Group","RightName":"AddKeyCredentialLink","IsInherited":true},{"PrincipalSID":"S-1-5-21-2704639352-1689326099-2164665914-519","PrincipalType":"Group","RightName":"GenericAll","IsInherited":true},{"PrincipalSID":"XIAORANG.LAB-S-1-5-32-544","PrincipalType":"Group","RightName":"WriteDacl","IsInherited":true},{"PrincipalSID":"XIAORANG.LAB-S-1-5-32-544","PrincipalType":"Group","RightName":"WriteOwner","IsInherited":true},{"PrincipalSID":"XIAORANG.LAB-S-1-5-32-544","PrincipalType":"Group","RightName":"AllExtendedRights","IsInherited":true},{"PrincipalSID":"XIAORANG.LAB-S-1-5-32-544","PrincipalType":"Group","RightName":"GenericWrite","IsInherited":true}],"ObjectIdentifier":"S-1-5-21-2704639352-1689326099-2164665914-501","IsDeleted":false,"IsACLProtected":false},{"Properties":{"domain":"XIAORANG.LAB","name":"WILLIAM@XIAORANG.LAB","distinguishedname":"CN=WILLIAM,CN=USERS,DC=XIAORANG,DC=LAB","domainsid":"S-1-5-21-2704639352-1689326099-2164665914","highvalue":false,"samaccountname":"William","description":null,"whencreated":1654706524,"sensitive":false,"dontreqpreauth":false,"passwordnotreqd":false,"unconstraineddelegation":false,"pwdneverexpires":false,"enabled":true,"trustedtoauth":false,"lastlogon":1654752439,"lastlogontimestamp":1654677868,"pwdlastset":1654677724,"serviceprincipalnames":[],"hasspn":false,"displayname":null,"email":null,"title":null,"homedirectory":null,"userpassword":null,"unixpassword":null,"unicodepassword":null,"sfupassword":null,"logonscript":null,"admincount":false,"sidhistory":[]},"AllowedToDelegate":[],"PrimaryGroupSID":"S-1-5-21-2704639352-1689326099-2164665914-513","HasSIDHistory":[],"SPNTargets":[],"Aces":[{"PrincipalSID":"S-1-5-21-2704639352-1689326099-2164665914-512","PrincipalType":"Group","RightName":"Owns","IsInherited":false},{"PrincipalSID":"XIAORANG.LAB-S-1-5-32-548","PrincipalType":"Group","RightName":"GenericAll","IsInherited":false},{"PrincipalSID":"S-1-5-21-2704639352-1689326099-2164665914-512","PrincipalType":"Group","RightName":"GenericAll","IsInherited":false},{"PrincipalSID":"S-1-5-21-2704639352-1689326099-2164665914-526","PrincipalType":"Group","RightName":"AddKeyCredentialLink","IsInherited":true},{"PrincipalSID":"S-1-5-21-2704639352-1689326099-2164665914-527","PrincipalType":"Group","RightName":"AddKeyCredentialLink","IsInherited":true},{"PrincipalSID":"S-1-5-21-2704639352-1689326099-2164665914-519","PrincipalType":"Group","RightName":"GenericAll","IsInherited":true},{"PrincipalSID":"XIAORANG.LAB-S-1-5-32-544","PrincipalType":"Group","RightName":"WriteDacl","IsInherited":true},{"PrincipalSID":"XIAORANG.LAB-S-1-5-32-544","PrincipalType":"Group","RightName":"WriteOwner","IsInherited":true},{"PrincipalSID":"XIAORANG.LAB-S-1-5-32-544","PrincipalType":"Group","RightName":"AllExtendedRights","IsInherited":true},{"PrincipalSID":"XIAORANG.LAB-S-1-5-32-544","PrincipalType":"Group","RightName":"GenericWrite","IsInherited":true}],"ObjectIdentifier":"S-1-5-21-2704639352-1689326099-2164665914-1106","IsDeleted":false,"IsACLProtected":false},{"Properties":{"name":"NT AUTHORITY@XIAORANG.LAB","domainsid":"S-1-5-21-2704639352-1689326099-2164665914","domain":"XIAORANG.LAB"},"AllowedToDelegate":[],"PrimaryGroupSID":null,"HasSIDHistory":[],"SPNTargets":[],"Aces":[],"ObjectIdentifier":"XIAORANG.LAB-S-1-5-20","IsDeleted":false,"IsACLProtected":false}],"meta":{"methods":29695,"type":"users","count":10,"version":5}}