﻿{"data":[{"Properties":{"domain":"XIAORANG.LAB","name":"CLIENT01.XIAORANG.LAB","distinguishedname":"CN=CLIENT01,CN=COMPUTERS,DC=XIAORANG,DC=LAB","domainsid":"S-1-5-21-2704639352-1689326099-2164665914","highvalue":false,"samaccountname":"CLIENT01$","haslaps":false,"description":null,"whencreated":1654706469,"enabled":true,"unconstraineddelegation":false,"trustedtoauth":false,"lastlogon":1678603032,"lastlogontimestamp":1678602200,"pwdlastset":1678603031,"serviceprincipalnames":["TERMSRV/CLIENT01","TERMSRV/CLIENT01.xiaorang.lab","RestrictedKrbHost/CLIENT01","HOST/CLIENT01","RestrictedKrbHost/CLIENT01.xiaorang.lab","HOST/CLIENT01.xiaorang.lab"],"operatingsystem":"Windows 10 专业版","sidhistory":[]},"PrimaryGroupSID":"S-1-5-21-2704639352-1689326099-2164665914-515","AllowedToDelegate":[],"AllowedToAct":[],"HasSIDHistory":[],"Sessions":{"Results":[],"Collected":false,"FailureReason":"ERROR_ACCESS_DENIED"},"PrivilegedSessions":{"Results":[],"Collected":false,"FailureReason":"ERROR_ACCESS_DENIED"},"RegistrySessions":{"Results":[],"Collected":false,"FailureReason":"找不到网络路径。\r\n"},"LocalAdmins":{"Results":[],"Collected":false,"FailureReason":"SAMRPCServerInit Failed"},"RemoteDesktopUsers":{"Results":[],"Collected":false,"FailureReason":"SAMRPCServerInit Failed"},"DcomUsers":{"Results":[],"Collected":false,"FailureReason":"SAMRPCServerInit Failed"},"PSRemoteUsers":{"Results":[],"Collected":false,"FailureReason":"SAMRPCServerInit Failed"},"Status":null,"Aces":[{"PrincipalSID":"S-1-5-21-2704639352-1689326099-2164665914-512","PrincipalType":"Group","RightName":"Owns","IsInherited":false},{"PrincipalSID":"XIAORANG.LAB-S-1-5-32-548","PrincipalType":"Group","RightName":"GenericAll","IsInherited":false},{"PrincipalSID":"S-1-5-21-2704639352-1689326099-2164665914-512","PrincipalType":"Group","RightName":"GenericAll","IsInherited":false},{"PrincipalSID":"S-1-5-21-2704639352-1689326099-2164665914-526","PrincipalType":"Group","RightName":"AddKeyCredentialLink","IsInherited":true},{"PrincipalSID":"S-1-5-21-2704639352-1689326099-2164665914-527","PrincipalType":"Group","RightName":"AddKeyCredentialLink","IsInherited":true},{"PrincipalSID":"S-1-5-21-2704639352-1689326099-2164665914-519","PrincipalType":"Group","RightName":"GenericAll","IsInherited":true},{"PrincipalSID":"XIAORANG.LAB-S-1-5-32-544","PrincipalType":"Group","RightName":"WriteDacl","IsInherited":true},{"PrincipalSID":"XIAORANG.LAB-S-1-5-32-544","PrincipalType":"Group","RightName":"WriteOwner","IsInherited":true},{"PrincipalSID":"XIAORANG.LAB-S-1-5-32-544","PrincipalType":"Group","RightName":"GenericWrite","IsInherited":true}],"ObjectIdentifier":"S-1-5-21-2704639352-1689326099-2164665914-1103","IsDeleted":false,"IsACLProtected":false},{"Properties":{"domain":"XIAORANG.LAB","name":"DC.XIAORANG.LAB","distinguishedname":"CN=DC,OU=DOMAIN CONTROLLERS,DC=XIAORANG,DC=LAB","domainsid":"S-1-5-21-2704639352-1689326099-2164665914","highvalue":false,"samaccountname":"DC$","haslaps":false,"description":null,"whencreated":1654706086,"enabled":true,"unconstraineddelegation":true,"trustedtoauth":false,"lastlogon":1678602203,"lastlogontimestamp":1678602172,"pwdlastset":1678602142,"serviceprincipalnames":["Dfsr-12F9A27C-BF97-4787-9364-D31B6C55EB04/DC.xiaorang.lab","ldap/DC.xiaorang.lab/ForestDnsZones.xiaorang.lab","ldap/DC.xiaorang.lab/DomainDnsZones.xiaorang.lab","TERMSRV/DC","TERMSRV/DC.xiaorang.lab","DNS/DC.xiaorang.lab","GC/DC.xiaorang.lab/xiaorang.lab","RestrictedKrbHost/DC.xiaorang.lab","RestrictedKrbHost/DC","RPC/334fdd89-e86b-40fa-bbd3-408589866a04._msdcs.xiaorang.lab","HOST/DC/XIAORANG","HOST/DC.xiaorang.lab/XIAORANG","HOST/DC","HOST/DC.xiaorang.lab","HOST/DC.xiaorang.lab/xiaorang.lab","E3514235-4B06-11D1-AB04-00C04FC2DCD2/334fdd89-e86b-40fa-bbd3-408589866a04/xiaorang.lab","ldap/DC/XIAORANG","ldap/334fdd89-e86b-40fa-bbd3-408589866a04._msdcs.xiaorang.lab","ldap/DC.xiaorang.lab/XIAORANG","ldap/DC","ldap/DC.xiaorang.lab","ldap/DC.xiaorang.lab/xiaorang.lab"],"operatingsystem":"Windows Server 2016 Datacenter","sidhistory":[]},"PrimaryGroupSID":"S-1-5-21-2704639352-1689326099-2164665914-516","AllowedToDelegate":[],"AllowedToAct":[],"HasSIDHistory":[],"Sessions":{"Results":[],"Collected":true,"FailureReason":null},"PrivilegedSessions":{"Results":[],"Collected":false,"FailureReason":"ERROR_ACCESS_DENIED"},"RegistrySessions":{"Results":[],"Collected":true,"FailureReason":null},"LocalAdmins":{"Results":[{"ObjectIdentifier":"S-1-5-21-2704639352-1689326099-2164665914-500","ObjectType":"User"},{"ObjectIdentifier":"S-1-5-21-2704639352-1689326099-2164665914-519","ObjectType":"Group"},{"ObjectIdentifier":"S-1-5-21-2704639352-1689326099-2164665914-512","ObjectType":"Group"}],"Collected":true,"FailureReason":null},"RemoteDesktopUsers":{"Results":[],"Collected":true,"FailureReason":null},"DcomUsers":{"Results":[],"Collected":true,"FailureReason":null},"PSRemoteUsers":{"Results":[],"Collected":true,"FailureReason":null},"Status":null,"Aces":[{"PrincipalSID":"S-1-5-21-2704639352-1689326099-2164665914-512","PrincipalType":"Group","RightName":"Owns","IsInherited":false},{"PrincipalSID":"S-1-5-21-2704639352-1689326099-2164665914-512","PrincipalType":"Group","RightName":"GenericAll","IsInherited":false},{"PrincipalSID":"S-1-5-21-2704639352-1689326099-2164665914-526","PrincipalType":"Group","RightName":"AddKeyCredentialLink","IsInherited":true},{"PrincipalSID":"S-1-5-21-2704639352-1689326099-2164665914-527","PrincipalType":"Group","RightName":"AddKeyCredentialLink","IsInherited":true},{"PrincipalSID":"S-1-5-21-2704639352-1689326099-2164665914-519","PrincipalType":"Group","RightName":"GenericAll","IsInherited":true},{"PrincipalSID":"XIAORANG.LAB-S-1-5-32-544","PrincipalType":"Group","RightName":"WriteDacl","IsInherited":true},{"PrincipalSID":"XIAORANG.LAB-S-1-5-32-544","PrincipalType":"Group","RightName":"WriteOwner","IsInherited":true},{"PrincipalSID":"XIAORANG.LAB-S-1-5-32-544","PrincipalType":"Group","RightName":"GenericWrite","IsInherited":true}],"ObjectIdentifier":"S-1-5-21-2704639352-1689326099-2164665914-1000","IsDeleted":false,"IsACLProtected":false},{"Properties":{"domain":"XIAORANG.LAB","name":"MSSQLSERVER.XIAORANG.LAB","distinguishedname":"CN=MSSQLSERVER,CN=COMPUTERS,DC=XIAORANG,DC=LAB","domainsid":"S-1-5-21-2704639352-1689326099-2164665914","highvalue":false,"samaccountname":"MSSQLSERVER$","haslaps":false,"description":null,"whencreated":1654706477,"allowedtodelegate":["ldap/DC.xiaorang.lab/xiaorang.lab","ldap/DC.xiaorang.lab","ldap/DC","ldap/DC.xiaorang.lab/XIAORANG","ldap/DC/XIAORANG","ldap/DC.xiaorang.lab/DomainDnsZones.xiaorang.lab","ldap/DC.xiaorang.lab/ForestDnsZones.xiaorang.lab","cifs/DC.xiaorang.lab/xiaorang.lab","cifs/DC.xiaorang.lab","cifs/DC","cifs/DC.xiaorang.lab/XIAORANG","cifs/DC/XIAORANG"],"enabled":true,"unconstraineddelegation":false,"trustedtoauth":true,"lastlogon":1678603071,"lastlogontimestamp":1678602222,"pwdlastset":1678603043,"serviceprincipalnames":["MSSQLSvc/MSSQLSERVER.xiaorang.lab:1433","MSSQLSvc/MSSQLSERVER.xiaorang.lab","TERMSRV/MSSQLSERVER","TERMSRV/MSSQLSERVER.xiaorang.lab","WSMAN/MSSQLSERVER","WSMAN/MSSQLSERVER.xiaorang.lab","RestrictedKrbHost/MSSQLSERVER","HOST/MSSQLSERVER","RestrictedKrbHost/MSSQLSERVER.xiaorang.lab","HOST/MSSQLSERVER.xiaorang.lab"],"operatingsystem":"Windows Server 2016 Datacenter","sidhistory":[]},"PrimaryGroupSID":"S-1-5-21-2704639352-1689326099-2164665914-515","AllowedToDelegate":[{"ObjectIdentifier":"S-1-5-21-2704639352-1689326099-2164665914-1000","ObjectType":"Computer"}],"AllowedToAct":[],"HasSIDHistory":[],"Sessions":{"Results":[],"Collected":true,"FailureReason":null},"PrivilegedSessions":{"Results":[{"UserSID":"S-1-5-21-2704639352-1689326099-2164665914-1106","ComputerSID":"S-1-5-21-2704639352-1689326099-2164665914-1104"}],"Collected":true,"FailureReason":null},"RegistrySessions":{"Results":[{"UserSID":"S-1-5-21-1403470932-1755135066-2609122076-1027","ComputerSID":"S-1-5-21-2704639352-1689326099-2164665914-1104"},{"UserSID":"S-1-5-21-2704639352-1689326099-2164665914-1106","ComputerSID":"S-1-5-21-2704639352-1689326099-2164665914-1104"}],"Collected":true,"FailureReason":null},"LocalAdmins":{"Results":[{"ObjectIdentifier":"S-1-5-21-2704639352-1689326099-2164665914-512","ObjectType":"Group"}],"Collected":true,"FailureReason":null},"RemoteDesktopUsers":{"Results":[{"ObjectIdentifier":"S-1-5-21-2704639352-1689326099-2164665914-1106","ObjectType":"User"}],"Collected":true,"FailureReason":null},"DcomUsers":{"Results":[],"Collected":true,"FailureReason":null},"PSRemoteUsers":{"Results":[],"Collected":true,"FailureReason":null},"Status":null,"Aces":[{"PrincipalSID":"S-1-5-21-2704639352-1689326099-2164665914-512","PrincipalType":"Group","RightName":"Owns","IsInherited":false},{"PrincipalSID":"XIAORANG.LAB-S-1-5-32-548","PrincipalType":"Group","RightName":"GenericAll","IsInherited":false},{"PrincipalSID":"S-1-5-21-2704639352-1689326099-2164665914-512","PrincipalType":"Group","RightName":"GenericAll","IsInherited":false},{"PrincipalSID":"S-1-5-21-2704639352-1689326099-2164665914-526","PrincipalType":"Group","RightName":"AddKeyCredentialLink","IsInherited":true},{"PrincipalSID":"S-1-5-21-2704639352-1689326099-2164665914-527","PrincipalType":"Group","RightName":"AddKeyCredentialLink","IsInherited":true},{"PrincipalSID":"S-1-5-21-2704639352-1689326099-2164665914-519","PrincipalType":"Group","RightName":"GenericAll","IsInherited":true},{"PrincipalSID":"XIAORANG.LAB-S-1-5-32-544","PrincipalType":"Group","RightName":"WriteDacl","IsInherited":true},{"PrincipalSID":"XIAORANG.LAB-S-1-5-32-544","PrincipalType":"Group","RightName":"WriteOwner","IsInherited":true},{"PrincipalSID":"XIAORANG.LAB-S-1-5-32-544","PrincipalType":"Group","RightName":"GenericWrite","IsInherited":true}],"ObjectIdentifier":"S-1-5-21-2704639352-1689326099-2164665914-1104","IsDeleted":false,"IsACLProtected":false}],"meta":{"methods":29695,"type":"computers","count":3,"version":5}}